{
    "type": "mech",
    "name": "Scrap mech",
    "description": "a scrap mech than can be mine and heal blocks",
    "speed": 0.6,
    "maxVelocity": 1.5,
    "flying":false,
    "drag": 0.1,
    "engineSize": 2.5,
    "engineOffset": 7,
    "hitsize": 8,
    "canHeal": "true",
    "mass": 1,
    "health": 400,
    "itemCapacity": 40,
    "buildPower": 3,
	"drillPower": 3,
	"mineSpeed": 1.80,
    "engineColor": "99ffb7",
    "rotateSpeed": 0.5,
    "weapon":{
        "name": "Scrap healer laser",
        "length":1.0,
        "width":0.6,
        "reload":26,
		"recoil":7.2,
        "shots":2,
        "spacing": 1,
        "velocityRnd": 0.1,
        "inaccuracy": 1,
        "alternate": false,
        "ejectEffect": "none",
        "bullet":{
				"type": "HealBulletType",
				"lifetime": 45,
				"speed": 4,
				"healPercent":4,
				"damage": 15,
				"frontColor": "ccffda",
				"backColor": "99ffb7",
				"keepVelocity":false,
				"collidesTeam":true
		}
        "shootSound": "pew"
    }
}
