{
        "name": "miner",
        "description": "drill make with scrap copper graphite y silicon",
        "type": "Drill",
        "size": 3,
        "health": 86,
		"tier": 3,
		"drillTime": 400,
          "consumes": {
		"liquid": {
			"liquid": "water",
			"amount": 0.08,
			"optional": true,
			"booster": true
		}
	},
		"requirements": [
			{ "item": "scrap", "amount": 60}
               {"item": "copper", "amount": 80, }
               {"item": "silicon", "amount": 40, }
               {"item": "graphite", "amount": 50, }
		],
		"category": "production"
          "research": "scrap-drill",
}
