{
        "name": scratter",
        "description": "a turret make with scrap that can be shoot scrap and coal has good inaccuracy",
        "type": "ItemTurret",
        "size": 2,
        "health": 128,
		"range": 220,
		"maxAmmo": 30,
		"inaccuracy": 1,
		"rotatespeed": 17,
		"reload": 15,
		"shootSound": "none",
		"ammo": {
			"scrap": {
				"speed": 4.0,
				"damage": 22
				"bulletWidth": 18,
				"bulletHeight": 18,
				"shootEffect": "shootSmall",
				"smokeEffect": "shootSmallSmoke",
				"ammoMultiplier": 3
				},
			"coal": {
				"speed": 3.0,
				"damage": 18,
				"bulletWidth": 15,
				"bulletHeight": 15,
				"frontColor": "FFA500",
				"backColor": "FFA500",
				"status": "burning",
				"statusDuration": 600,
				"shootEffect": "shootSmall",
				"smokeEffect": "shootSmallSmoke",
				"ammoMultiplier": 3
			}
		},
		"requirements": [
			{ "item": "scrap", "amount": 90}
		],
		"category": "turret"
          "research": "core-shard",
}
