{
    "name": "scrap surge maker",
    "description": "makes with scrap surge alloy too much slow with materials contaiment in the scrap",
    "type": "GenericCrafter",
    "health": 360,
    "size": 3,
    "category": "crafting",
    "outputItem": {"item": "surge-alloy", "amount": 1},
    "craftTime": 980,
    "consumes": {
		"power": 3.2,
		"items": {
			"items": [
				{ "item": "scrap", "amount": 1},
			]
		}
	},
    "requirements":
    [
    { "item": "lead", "amount": 450 },
    { "item": "copper", "amount": 450 },
    { "item": "graphite", "amount": 450 },
    { "item": "silicon", "amount": 450 },
    ]
    "research": "oil-extractor",
}