{
	"type": "GenericCrafter",
	"name": "Scrap oxidizer",
	"description": "oxidize copper and lead to convert to scrap",
	"outputItem": {"item": "scrap", "amount": 4},
	"size": 2,
	"hasPower": true,
	"hasItems": true,
	"itemCapacity": 15,
	"craftTime": 50,
	"updateEffect": "smeltsmoke",
	"consumes": {
		"power": 0.9,
		"items": {
			"items": [
				{ "item": "copper", "amount": 4 },
				{ "item": "lead", "amount": 4 }
			]
		}
	},
	"requirements": [
		{ "item": "copper", "amount": 80 },
		{ "item": "lead", "amount": 85 },
	],
	"category": "crafting",
	"research": "core-shard",
	"idleSound": "respawning",
	"idleSoundVolume": 0.5
}
