{
	"type": "SingleTypeGenerator",
	"name": "scrap turbine",
	"description": "generate power with slag and scrap",
	"itemCapacity": 20,
	"size": 2,
	"hasLiquids": true,
    "powerProduction": 12,
    "itemDuration" : 110,
	"updateEffect": "smeltsmoke",
	"consumes": {
		"item": "scrap",
		"liquid": {
			"liquid": "slag", 
			"amount": 0.05,
			"booster": true,
		},
    },
	"requirements": [
		{"item": "lead", "amount": 160},
		{"item": "copper", "amount": 250},
		{"item": "silicon", "amount": 155},
          {"item": "graphite", "amount": 150},
	],
	"category": "power",
	"research": "thermal-generator"
}
