{
	"name": "Scrap Miner Drone Factory",
	"description": "makes a scrap miner that can be mine copper lead and titanium",
	"type": "UnitFactory",
	"unitType": "Scrap-miner",
	"size": 2,
	"produceTime": 3000,
	"maxSpawn": 2,
	"consumes": {
		"power": 1.2,
		"items": {
			"items": [
				{"item": "scrap", "amount": 5}
			]
		}
	},
	"category": "units",
	"research": "draug-factory",
	"requirements": [
		{ "item": "graphite", "amount": 200 },
		{ "item": "silicon", "amount": 160 },
		{ "item": "copper", "amount": 120 },
		{ "item": "scrap", "amount": 120 },
	]
}