{
	"type": "SingleTypeGenerator",
	"name": "scrap generator",
	"description": "use scrap to make energy",
	"itemCapacity": 20,
	"size": 1,
	"hasLiquids": false,
    "powerProduction": 2,
    "itemDuration" : 64,
	"updateEffect": "smeltsmoke",
	"consumes": {
		"item": "scrap"
    },
	"requirements": [
		{"item": "lead", "amount": 70},
		{"item": "copper", "amount": 70},
		{"item": "scrap", "amount": 45}
	],
	"category": "power",
	"research": "combustion-generator",
	"idleSound": "respawning",
	"idleSoundVolume": 0.5
}
