{
	"description": "smelts more scrap that normal melter",
	"name": "scrap-smelter",
	"type": "genericSmelter",
	"size": 2,
	"category": "crafting",
	"liquidCapacity": 20,
	"craftTime": 10,
	"hasItems": true,
	"hasLiquids": true,
	"hasPower": true,
	"consumes": {
		"items": {
			"items": [
				{ "item": "scrap", "amount": 5},
			],
		},
		"power": 1.0,
	},
	"outputLiquid": {"liquid": "slag", "amount": 5},
	"requirements": [
		{"item": "copper", "amount": 35},
		{"item": "graphite", "amount": 35},
		{"item": "lead", "amount": 40},
		{"item": "silicon", "amount": 35}
	],
	"craftEffect": "smeltsmoke",
	"idleSound": "machine",
     "research": "scrap-oxidizer",
}