{
	"type": "Separator",
	"name": "separator gt",
	"description": "special separator that outputs graphite and titanium.",
	"results": [
		{"item": "titanium", "amount": 1},
		{"item": "graphite", "amount": 1},
	],
	"size": 2,
	"hasPower": true,
	"hasLiquids": true,
	"liquidCapacity": 30,
	"hasItems": true,
	"itemCapacity": 20,
	"craftTime": 20,
	"updateEffect": "oily",
	"consumes": {
		"power": 3.0,
		"liquid": {
			"liquid": "slag",
			"amount": 0.05,
		}
	},
	"requirements": [
		{ "item": "silicon", "amount": 200 },
		{ "item": "copper", "amount": 200 },
		{ "item": "lead", "amount": 200 },
		{ "item": "graphite", "amount": 250 },
	],
	"category": "crafting",
	"research": "separator",
	"idleSound": "respawning",
	"idleSoundVolume": 0.5
}