{
	"type": "GenericCrafter",
	"name": "Silicon Scrafter",
	"description": "makes silicon with scrap
and coal",
	"outputItem": {"item": "silicon", "amount": 1},
	"size": 2,
	"hasPower": true,
	"hasItems": true,
	"itemCapacity": 15,
	"craftTime": 36,
	"updateEffect": "smeltsmoke",
	"consumes": {
		"power": 0.8,
		"items": {
			"items": [
				{ "item": "coal", "amount": 1 },
				{ "item": "scrap", "amount": 1 }
			]
		}
	},
	"requirements": [
		{ "item": "copper", "amount": 80 },
		{ "item": "lead", "amount": 85 },
          { "item": "scrap", "amount": 85 },
	],
	"category": "crafting",
	"research": "scrap-oxidizer",
	"idleSound": "respawning",
	"idleSoundVolume": 0.5
}
